ID,sex,income
1,Male,2354.09
2,Male,1718.4
3,Male,2941.55
4,Male,2461.08
5,Male,2409.76
6,Male,4096.55
7,Male,2649.38
8,Male,2124.1
9,Male,2286.82
10,Male,3074.22
11,Male,2556.64
12,Male,1780.86
13,Male,2959.61
14,Male,2165.93
15,Male,3436.65
16,Male,3040.02
17,Male,2276.34
18,Male,3140.51
19,Male,2533.93
20,Male,2926.39
21,Male,2742.37
22,Male,2076.82
23,Male,2178.23
24,Male,3014.98
25,Male,2332.61
26,Male,2298.18
27,Male,2022.44
28,Male,2711.8
29,Male,3531.26
30,Male,1966.23
31,Male,2512.11
32,Male,3206.11
33,Male,2460.18
34,Male,2726.19
35,Male,1968.8
36,Male,2714.15
37,Male,2406.43
38,Male,2992.86
39,Male,3093.69
40,Male,3794.78
41,Male,2789.82
42,Male,2662.9
43,Male,2597.19
44,Male,2323.42
45,Male,2669.24
46,Male,2352.3
47,Male,2584.23
48,Male,3158.8
49,Male,1996.73
50,Male,3069.94
51,Male,3158.56
52,Male,2440.97
53,Male,1439.07
54,Male,2196.09
55,Male,3148.5
56,Male,2488.57
57,Male,2000.35
58,Male,2247.61
59,Male,2920.31
60,Male,2773.37
61,Male,2380.53
62,Male,2316.59
63,Male,2304.12
64,Male,2038.79
65,Male,3307.69
66,Male,2338.84
67,Male,3108.58
68,Male,3260.66
69,Male,2999.16
70,Male,2284.19
71,Male,2701.87
72,Male,2487.9
73,Male,2048.15
74,Male,2662.18
75,Male,1910.48
76,Male,3093.84
77,Male,2267.69
78,Male,2600.58
79,Male,2641.64
80,Male,2370.55
81,Male,2793.35
82,Male,2262.55
83,Male,2935.65
84,Male,1827.01
85,Male,2563.19
86,Male,3469.46
87,Male,1999.83
88,Male,2161.13
89,Male,2756.95
90,Male,2589.79
91,Male,2675.32
92,Male,2744.59
93,Male,2817.36
94,Male,3054.85
95,Male,2704.91
96,Male,2379.37
97,Male,2836.29
98,Male,3449.94
99,Male,2433.68
100,Male,2012.74
101,Male,3053.54
102,Male,2439.81
103,Male,1413.67
104,Male,2923.71
105,Male,2232.34
106,Male,2454.73
107,Male,2665.99
108,Male,2595.25
109,Male,2854.73
110,Male,2282.26
111,Male,2756.55
112,Male,2370.23
113,Male,2869.41
114,Male,2807.68
115,Male,2032.28
116,Male,3042.99
117,Male,2232.02
118,Male,2904.03
119,Male,2683.64
120,Male,3419.09
121,Male,2388.27
122,Male,2325.34
123,Male,2490.29
124,Male,2348.41
125,Male,2899.97
126,Male,1691.84
127,Male,1973.16
128,Male,1966.1
129,Male,2975.15
130,Male,3355.31
131,Male,2447.78
132,Male,2415.59
133,Male,2535.03
134,Male,3080.94
135,Male,2036.32
136,Male,2619.18
137,Male,2987.6
138,Male,2750.55
139,Male,2594.79
140,Male,3000.52
141,Male,1148.38
142,Male,2838.94
143,Male,2172.96
144,Male,1584.68
145,Male,2755.6
146,Male,3186.83
147,Male,2431.28
148,Male,2976.44
149,Male,3306.14
150,Male,3157.46
151,Male,3319.98
152,Male,2871.06
153,Male,2537.72
154,Male,1699.02
155,Male,2376.97
156,Male,2078.38
157,Male,3585.47
158,Male,2412.06
159,Male,2561.6
160,Male,2775.74
161,Male,2521.8
162,Male,3347.53
163,Male,2188.68
164,Male,2597.3
165,Male,2128.76
166,Male,1839.99
167,Male,2194.12
168,Male,2481.48
169,Male,2285.35
170,Male,2153.79
171,Male,1796.84
172,Male,2458.45
173,Male,1747.64
174,Male,2880.03
175,Male,2541.22
176,Male,1771.22
177,Male,2345.4
178,Male,2123.92
179,Male,2659.59
180,Male,3170.23
181,Male,1562.41
182,Male,2557.51
183,Male,2419.93
184,Male,2835.67
185,Male,2606.6
186,Male,2124.02
187,Male,2340.47
188,Male,2101.99
189,Male,3038.0
190,Male,2510.66
191,Male,3450.6
192,Male,2469.67
193,Male,2145.8
194,Male,1743.14
195,Male,1598.43
196,Male,1707.93
197,Male,2633.56
198,Male,2754.36
199,Male,1709.4
200,Male,2947.52
201,Male,2258.47
202,Male,2573.4
203,Male,3306.11
204,Male,2948.42
205,Male,2365.73
206,Male,2054.4
207,Male,1424.09
208,Male,2140.42
209,Male,2394.43
210,Male,2006.41
211,Male,2434.37
212,Male,2538.43
213,Male,2387.57
214,Male,2175.0
215,Male,2584.33
216,Male,2720.97
217,Male,1954.8
218,Male,3205.47
219,Male,2450.71
220,Male,2509.42
221,Male,2854.11
222,Male,2616.61
223,Male,2976.57
224,Male,2643.56
225,Male,2193.78
226,Male,2680.75
227,Male,1928.14
228,Male,2554.28
229,Male,2483.39
230,Male,2395.94
231,Male,2435.73
232,Male,1559.08
233,Male,2225.64
234,Male,2546.42
235,Male,2579.93
236,Male,1986.16
237,Male,3132.85
238,Male,2066.91
239,Male,2984.73
240,Male,2713.6
241,Male,2176.89
242,Male,3387.66
243,Male,1903.18
244,Male,2959.58
245,Male,3000.29
246,Male,2164.69
247,Male,3196.23
248,Male,2374.98
249,Male,2644.35
250,Male,2630.16
251,Male,2432.85
252,Male,2905.4
253,Male,2896.74
254,Male,1625.73
255,Male,3152.17
256,Male,1668.75
257,Male,3016.27
258,Male,3063.35
259,Male,1954.52
260,Male,2294.59
261,Male,1947.15
262,Male,2392.54
263,Male,2345.98
264,Male,2889.83
265,Male,3155.15
266,Male,3197.84
267,Male,2218.92
268,Male,2395.39
269,Male,1658.28
270,Male,2097.06
271,Male,2982.43
272,Male,3307.79
273,Male,1882.83
274,Male,2203.77
275,Male,2486.8
276,Male,2640.08
277,Male,2095.2
278,Male,2712.03
279,Male,2263.08
280,Male,2492.77
281,Male,2773.14
282,Male,2503.21
283,Male,2281.81
284,Male,2445.2
285,Male,2455.82
286,Male,2314.99
287,Male,2370.6
288,Male,3299.32
289,Male,2780.46
290,Male,2352.26
291,Male,2848.48
292,Male,2333.09
293,Male,3086.56
294,Male,2684.82
295,Male,2446.35
296,Male,2723.86
297,Male,1714.56
298,Male,1936.62
299,Male,1903.04
300,Male,2571.47
301,Male,3366.26
302,Male,3615.65
303,Male,2819.03
304,Male,2750.42
305,Male,1599.47
306,Male,2228.66
307,Male,2106.11
308,Male,2189.58
309,Male,2415.93
310,Male,2263.95
311,Male,1510.35
312,Male,2873.96
313,Male,1963.63
314,Male,2619.62
315,Male,3537.04
316,Male,2040.31
317,Male,1234.86
318,Male,2357.0
319,Male,3050.48
320,Male,3479.17
321,Male,1885.23
322,Male,2748.35
323,Male,2267.34
324,Male,2447.03
325,Male,3822.17
326,Male,1748.51
327,Male,2626.87
328,Male,2733.85
329,Male,3042.89
330,Male,2548.99
331,Male,2654.03
332,Male,2304.18
333,Male,2634.56
334,Male,2328.4
335,Male,2810.79
336,Male,2315.19
337,Male,2688.55
338,Male,2485.37
339,Male,3063.03
340,Male,2474.3
341,Male,1613.48
342,Male,3130.96
343,Male,2047.13
344,Male,2173.12
345,Male,2202.17
346,Male,3187.22
347,Male,1432.16
348,Male,4068.87
349,Male,3028.03
350,Male,2611.62
351,Male,2472.55
352,Male,2642.78
353,Male,2760.56
354,Male,2822.61
355,Male,2777.8
356,Male,2544.79
357,Male,2401.33
358,Male,2424.36
359,Male,2402.55
360,Male,3066.89
361,Male,2796.78
362,Male,1029.81
363,Male,2827.95
364,Male,2597.37
365,Male,2490.65
366,Male,2305.74
367,Male,3062.06
368,Male,2973.76
369,Male,2113.56
370,Male,2703.53
371,Male,2014.17
372,Male,1810.19
373,Male,2186.64
374,Male,2931.2
375,Male,2976.56
376,Male,2756.54
377,Male,2862.55
378,Male,2758.09
379,Male,2179.26
380,Male,2715.96
381,Male,2900.2
382,Male,2877.15
383,Male,3094.46
384,Male,2854.15
385,Male,2675.72
386,Male,3035.08
387,Male,2486.74
388,Male,2059.06
389,Male,2418.47
390,Male,2127.55
391,Male,2162.41
392,Male,2427.74
393,Male,2103.79
394,Male,2346.02
395,Male,1553.19
396,Male,2606.65
397,Male,2500.6
398,Male,2091.46
399,Male,2829.62
400,Male,2968.79
401,Male,1696.22
402,Male,2118.64
403,Male,2115.43
404,Male,2030.05
405,Male,2914.74
406,Male,2403.09
407,Male,2367.74
408,Male,1498.07
409,Male,2817.71
410,Male,1880.37
411,Male,2529.97
412,Male,2638.69
413,Male,3180.33
414,Male,1845.59
415,Male,990.24
416,Male,2591.92
417,Male,3400.26
418,Male,3119.47
419,Male,2604.83
420,Male,2254.18
421,Male,2903.56
422,Male,2013.23
423,Male,2738.18
424,Male,2752.74
425,Male,3030.1
426,Male,3879.83
427,Male,2696.21
428,Male,2245.52
429,Male,2487.21
430,Male,1615.46
431,Male,2152.64
432,Male,2295.36
433,Male,2237.96
434,Male,2576.18
435,Male,2088.79
436,Male,3060.52
437,Male,2500.1
438,Male,2495.35
439,Male,2336.05
440,Male,2577.6
441,Male,2912.55
442,Male,2066.43
443,Male,2170.94
444,Male,2348.14
445,Male,1827.06
446,Male,2090.37
447,Male,2261.89
448,Male,2937.19
449,Male,2631.28
450,Male,2596.79
451,Male,2925.45
452,Male,2431.31
453,Male,2695.23
454,Male,2448.39
455,Male,2632.68
456,Male,2208.62
457,Male,1280.59
458,Male,2432.86
459,Male,3211.37
460,Male,2963.11
461,Male,2982.7
462,Male,3118.07
463,Male,2544.33
464,Male,2598.66
465,Male,2191.17
466,Male,2341.96
467,Male,2807.89
468,Male,3101.94
469,Male,2430.28
470,Male,2274.91
471,Male,2500.26
472,Male,2800.6
473,Male,1778.07
474,Male,1351.91
475,Male,2224.73
476,Male,1889.64
477,Male,2245.93
478,Male,2426.11
479,Male,2273.38
480,Male,3226.23
481,Male,2663.37
482,Male,2650.24
483,Male,2811.1
484,Male,1930.58
485,Male,3019.56
486,Male,2462.12
487,Male,2835.24
488,Male,1964.07
489,Male,1723.12
490,Male,2908.94
491,Male,2688.2
492,Male,2048.97
493,Male,2065.17
494,Male,3062.72
495,Male,1905.29
496,Male,3321.34
497,Male,2049.69
498,Male,2819.2
499,Male,2335.69
500,Male,2801.59
501,Male,2227.94
502,Male,2418.6
503,Male,2520.46
504,Male,1998.91
505,Male,2870.41
506,Male,2243.39
507,Male,2385.7
508,Male,2002.83
509,Male,1218.83
510,Male,2404.49
511,Male,3706.31
512,Male,2892.3
513,Male,2490.37
514,Male,2368.55
515,Male,2511.23
516,Male,2773.56
517,Male,1909.59
518,Male,3057.16
519,Male,2857.69
520,Male,2859.09
521,Male,2719.24
522,Male,2509.81
523,Male,2836.43
524,Male,2795.91
525,Male,2322.98
526,Male,2213.2
527,Male,2550.93
528,Male,3274.51
529,Male,1880.45
530,Male,1766.24
531,Male,2582.38
532,Male,2525.44
533,Male,2586.67
534,Male,2621.98
535,Male,2388.4
536,Male,3244.93
537,Male,1699.55
538,Male,2085.75
539,Male,2448.37
540,Male,1678.41
541,Male,2412.07
542,Male,3330.74
543,Male,2510.44
544,Male,2615.35
545,Male,1869.92
546,Male,2191.82
547,Male,2312.4
548,Male,2341.14
549,Male,3140.82
550,Male,2778.85
551,Male,1944.27
552,Male,2623.25
553,Male,2749.11
554,Male,3070.07
555,Male,3290.27
556,Male,1992.45
557,Male,2094.57
558,Male,1871.21
559,Male,2382.99
560,Male,2733.18
561,Male,2993.67
562,Male,2462.02
563,Male,2340.08
564,Male,2575.88
565,Male,2082.43
566,Male,3544.77
567,Male,1696.17
568,Male,2592.37
569,Male,3511.8
570,Male,2503.4
571,Male,2404.98
572,Male,2321.28
573,Male,2409.8
574,Male,3186.42
575,Male,1394.07
576,Male,3266.72
577,Male,1788.02
578,Male,2366.67
579,Male,2285.38
580,Male,2794.28
581,Male,1700.94
582,Male,2731.09
583,Male,3512.15
584,Male,1818.41
585,Male,2594.85
586,Male,2169.01
587,Male,2712.94
588,Male,2509.57
589,Male,2179.26
590,Male,2743.94
591,Male,3402.17
592,Male,2404.55
593,Male,2859.88
594,Male,1853.36
595,Male,2021.78
596,Male,2736.2
597,Male,3242.06
598,Male,2677.81
599,Male,2343.47
600,Male,2499.65
601,Male,1874.8
602,Male,2802.26
603,Male,2941.17
604,Male,2273.95
605,Male,2264.98
606,Male,2632.94
607,Male,2281.64
608,Male,2466.93
609,Male,3549.86
610,Male,2376.49
611,Male,2320.83
612,Male,2176.23
613,Male,2872.1
614,Male,2409.39
615,Male,2175.31
616,Male,3160.65
617,Male,3209.8
618,Male,2199.79
619,Male,1566.73
620,Male,3003.76
621,Male,2157.69
622,Male,2895.31
623,Male,1514.95
624,Male,2946.3
625,Male,1894.41
626,Male,2865.38
627,Male,2507.14
628,Male,2023.03
629,Male,2296.48
630,Male,2843.16
631,Male,2552.95
632,Male,2792.21
633,Male,3488.22
634,Male,1717.88
635,Male,3308.61
636,Male,2552.18
637,Male,2050.61
638,Male,1834.84
639,Male,2405.44
640,Male,2960.83
641,Male,2436.23
642,Male,3255.58
643,Male,1774.41
644,Male,2493.96
645,Male,1873.8
646,Male,2681.82
647,Male,2943.44
648,Male,2289.62
649,Male,1197.89
650,Male,2599.47
651,Male,2718.37
652,Male,2702.15
653,Male,3117.89
654,Male,1964.47
655,Male,2840.11
656,Male,3096.25
657,Male,1610.71
658,Male,2659.83
659,Male,2247.91
660,Male,2459.24
661,Male,2673.84
662,Male,2256.39
663,Male,2162.15
664,Male,2517.08
665,Male,1956.38
666,Male,1957.09
667,Male,2839.69
668,Male,1925.6
669,Male,2833.16
670,Male,2731.3
671,Male,1637.1
672,Male,2161.22
673,Male,3097.05
674,Male,2009.42
675,Male,2267.8
676,Male,2731.03
677,Male,2891.7
678,Male,2374.23
679,Male,2201.24
680,Male,3211.18
681,Male,3369.45
682,Male,2989.43
683,Male,2542.66
684,Male,2095.87
685,Male,2084.78
686,Male,2761.26
687,Male,2709.2
688,Male,3200.8
689,Male,2825.23
690,Male,1748.46
691,Male,3025.97
692,Male,2000.97
693,Male,2308.01
694,Male,2625.1
695,Male,3497.83
696,Male,4054.96
697,Male,2803.36
698,Male,2408.4
699,Male,2767.25
700,Male,2943.83
701,Male,2339.67
702,Male,3397.61
703,Male,2615.04
704,Male,2748.87
705,Male,2832.96
706,Male,2710.79
707,Male,2919.47
708,Male,2191.37
709,Male,2220.85
710,Male,1949.92
711,Male,2719.75
712,Male,2889.47
713,Male,2728.89
714,Male,3337.25
715,Male,2497.2
716,Male,2834.37
717,Male,1954.15
718,Male,2306.45
719,Male,2847.77
720,Male,2924.55
721,Male,2353.02
722,Male,2464.2
723,Male,1741.06
724,Male,2321.49
725,Male,2945.19
726,Male,2787.6
727,Male,2750.33
728,Male,2524.89
729,Male,2503.53
730,Male,2169.84
731,Male,2849.41
732,Male,2710.49
733,Male,2746.01
734,Male,2236.98
735,Male,1423.33
736,Male,3048.58
737,Male,2260.58
738,Male,2068.61
739,Male,2846.74
740,Male,2303.99
741,Male,3029.97
742,Male,2808.5
743,Male,2841.78
744,Male,1817.02
745,Male,3105.97
746,Male,2630.63
747,Male,2315.36
748,Male,2571.69
749,Male,1611.88
750,Male,2704.33
751,Male,1985.31
752,Male,1823.66
753,Male,1738.82
754,Male,3056.34
755,Male,2185.37
756,Male,3266.86
757,Male,2232.1
758,Male,1646.32
759,Male,1941.74
760,Male,3117.91
761,Male,2422.05
762,Male,2225.86
763,Male,2580.01
764,Male,2750.89
765,Male,3058.7
766,Male,3224.25
767,Male,2320.12
768,Male,1836.98
769,Male,2293.27
770,Male,2630.14
771,Male,2018.12
772,Male,2021.42
773,Male,2671.89
774,Male,2475.67
775,Male,2516.4
776,Male,2120.75
777,Male,2384.8
778,Male,2037.88
779,Male,2945.1
780,Male,3017.62
781,Male,1576.91
782,Male,2035.24
783,Male,1751.74
784,Male,2174.99
785,Male,2458.28
786,Male,1775.18
787,Male,2039.07
788,Male,1998.02
789,Male,2603.63
790,Male,2534.67
791,Male,2139.13
792,Male,2588.41
793,Male,2226.66
794,Male,2364.17
795,Male,3336.73
796,Male,3170.23
797,Male,1850.21
798,Male,2914.87
799,Male,2905.7
800,Male,1925.87
801,Male,2909.39
802,Male,3268.97
803,Male,1938.73
804,Male,2041.25
805,Male,3008.83
806,Male,2635.75
807,Male,2775.74
808,Male,2670.29
809,Male,2695.35
810,Male,1836.76
811,Male,3023.66
812,Male,3084.79
813,Male,2385.3
814,Male,2478.26
815,Male,1734.45
816,Male,2757.13
817,Male,2786.03
818,Male,2468.9
819,Male,3062.18
820,Male,2332.96
821,Male,2782.3
822,Male,1990.17
823,Male,2488.22
824,Male,2412.82
825,Male,2612.65
826,Male,2315.24
827,Male,2434.26
828,Male,2913.02
829,Male,2281.62
830,Male,1696.71
831,Male,3374.79
832,Male,3190.73
833,Male,1853.87
834,Male,2844.85
835,Male,2248.51
836,Male,2631.74
837,Male,2647.11
838,Male,2382.8
839,Male,2108.12
840,Male,2154.73
841,Male,2041.9
842,Male,2084.09
843,Male,2466.41
844,Male,2142.12
845,Male,2841.03
846,Male,3243.62
847,Male,2209.97
848,Male,2619.7
849,Male,2749.84
850,Male,2736.0
851,Male,2537.98
852,Male,2871.34
853,Male,2741.12
854,Male,1881.17
855,Male,2934.58
856,Male,2943.65
857,Male,2118.36
858,Male,2518.97
859,Male,2841.66
860,Male,2395.34
861,Male,3036.49
862,Male,3681.94
863,Male,2107.01
864,Male,1809.48
865,Male,2651.91
866,Male,2860.78
867,Male,2384.57
868,Male,3226.63
869,Male,1830.7
870,Male,2846.46
871,Male,2197.07
872,Male,3359.69
873,Male,3496.26
874,Male,2116.67
875,Male,2225.22
876,Male,2929.79
877,Male,2306.43
878,Male,2477.29
879,Male,2512.69
880,Male,1540.16
881,Male,2493.08
882,Male,2155.14
883,Male,2253.44
884,Male,3221.82
885,Male,1871.75
886,Male,2906.6
887,Male,2360.52
888,Male,2360.12
889,Male,2895.19
890,Male,2670.03
891,Male,2785.31
892,Male,2984.09
893,Male,2334.35
894,Male,2193.88
895,Male,1957.42
896,Male,2087.29
897,Male,3974.55
898,Male,3122.34
899,Male,1824.46
900,Male,1838.77
901,Male,2740.93
902,Male,2773.63
903,Male,2774.44
904,Male,2372.52
905,Male,2437.27
906,Male,2663.94
907,Male,2542.95
908,Male,1390.35
909,Male,2385.1
910,Male,2074.3
911,Male,2587.61
912,Male,3992.63
913,Male,2683.74
914,Male,2343.24
915,Male,2960.9
916,Male,2741.34
917,Male,2710.05
918,Male,2803.43
919,Male,3528.27
920,Male,1934.56
921,Male,2736.82
922,Male,2036.81
923,Male,2777.76
924,Male,2040.66
925,Male,2291.32
926,Male,2352.46
927,Male,2987.91
928,Male,2959.23
929,Male,1877.14
930,Male,2527.47
931,Male,2145.21
932,Male,1870.75
933,Male,2391.49
934,Male,2345.76
935,Male,3713.36
936,Male,2716.48
937,Male,1811.19
938,Male,2217.61
939,Male,3010.69
940,Male,3544.22
941,Male,1707.01
942,Male,1560.04
943,Male,3435.48
944,Male,2694.81
945,Male,2065.85
946,Male,2767.31
947,Male,1182.13
948,Male,2501.69
949,Male,2663.91
950,Male,2962.14
951,Male,1993.05
952,Male,2542.84
953,Male,2037.29
954,Male,2627.69
955,Male,2052.33
956,Male,2295.95
957,Male,2002.09
958,Male,2825.57
959,Male,2929.23
960,Male,2382.69
961,Male,2519.12
962,Male,1775.7
963,Male,2350.16
964,Male,2474.9
965,Male,3810.4
966,Male,1944.02
967,Male,3232.09
968,Male,2998.43
969,Male,2640.32
970,Male,3379.31
971,Male,2686.05
972,Male,2694.58
973,Male,2473.44
974,Male,3111.78
975,Male,3048.23
976,Male,2187.16
977,Male,1840.38
978,Male,2398.51
979,Male,2099.98
980,Male,2468.24
981,Male,3118.72
982,Male,2271.35
983,Male,2478.59
984,Male,2529.01
985,Male,2924.22
986,Male,1376.56
987,Male,2196.65
988,Male,2605.64
989,Male,3100.04
990,Male,2254.05
991,Male,1561.72
992,Male,2809.86
993,Male,2182.32
994,Male,1905.17
995,Male,2187.83
996,Male,2407.74
997,Male,2197.63
998,Male,1397.22
999,Male,2948.53
1000,Male,3137.44
1001,Female,2625.76
1002,Female,1731.16
1003,Female,2199.25
1004,Female,2296.74
1005,Female,2599.4
1006,Female,2634.17
1007,Female,1932.91
1008,Female,2341.0
1009,Female,2528.64
1010,Female,3027.91
1011,Female,2652.25
1012,Female,2694.53
1013,Female,2341.91
1014,Female,3005.23
1015,Female,2504.88
1016,Female,1869.46
1017,Female,3001.68
1018,Female,2648.95
1019,Female,2078.48
1020,Female,2060.25
1021,Female,2448.29
1022,Female,2531.59
1023,Female,2398.65
1024,Female,2455.65
1025,Female,3149.98
1026,Female,2835.77
1027,Female,2395.32
1028,Female,2770.66
1029,Female,1783.74
1030,Female,2498.96
1031,Female,3204.65
1032,Female,2190.98
1033,Female,1876.18
1034,Female,1973.96
1035,Female,1755.18
1036,Female,1907.62
1037,Female,2114.75
1038,Female,1597.22
1039,Female,2307.81
1040,Female,2751.14
1041,Female,1846.12
1042,Female,3059.64
1043,Female,2555.4
1044,Female,2815.29
1045,Female,1971.08
1046,Female,2727.26
1047,Female,1754.03
1048,Female,2745.12
1049,Female,2385.92
1050,Female,2576.63
1051,Female,1712.2
1052,Female,1852.47
1053,Female,2598.61
1054,Female,1825.83
1055,Female,2531.6
1056,Female,1616.43
1057,Female,2724.09
1058,Female,1683.74
1059,Female,2576.15
1060,Female,2612.82
1061,Female,1951.61
1062,Female,2591.01
1063,Female,2430.22
1064,Female,2030.58
1065,Female,1795.72
1066,Female,1318.69
1067,Female,2474.83
1068,Female,1517.6
1069,Female,2347.67
1070,Female,2168.28
1071,Female,2639.57
1072,Female,2148.98
1073,Female,2135.28
1074,Female,2665.94
1075,Female,2467.53
1076,Female,2458.08
1077,Female,2534.63
1078,Female,1532.21
1079,Female,2678.39
1080,Female,2606.23
1081,Female,1791.66
1082,Female,2177.96
1083,Female,2280.35
1084,Female,2232.75
1085,Female,2466.93
1086,Female,3015.68
1087,Female,2840.88
1088,Female,1643.89
1089,Female,2611.03
1090,Female,2964.47
1091,Female,2493.4
1092,Female,2845.49
1093,Female,3306.14
1094,Female,2811.85
1095,Female,2424.65
1096,Female,2822.54
1097,Female,2372.44
1098,Female,2311.95
1099,Female,2124.29
1100,Female,3081.71
1101,Female,1890.79
1102,Female,3066.18
1103,Female,2549.93
1104,Female,1600.35
1105,Female,2483.82
1106,Female,1249.99
1107,Female,2612.75
1108,Female,2742.62
1109,Female,2003.82
1110,Female,2361.77
1111,Female,3277.08
1112,Female,2047.13
1113,Female,1770.55
1114,Female,3040.83
1115,Female,3281.29
1116,Female,2301.85
1117,Female,2805.73
1118,Female,2970.74
1119,Female,1928.76
1120,Female,2057.35
1121,Female,2915.44
1122,Female,3142.51
1123,Female,2581.44
1124,Female,1860.09
1125,Female,3293.53
1126,Female,2034.51
1127,Female,2132.43
1128,Female,2471.17
1129,Female,3077.08
1130,Female,2726.99
1131,Female,2507.43
1132,Female,2531.64
1133,Female,2321.76
1134,Female,2579.07
1135,Female,1035.22
1136,Female,2151.7
1137,Female,2420.66
1138,Female,1724.49
1139,Female,2493.16
1140,Female,2197.76
1141,Female,3177.74
1142,Female,3086.51
1143,Female,2067.1
1144,Female,2224.58
1145,Female,2263.03
1146,Female,2074.17
1147,Female,2397.51
1148,Female,1920.86
1149,Female,1734.69
1150,Female,2611.36
1151,Female,2614.76
1152,Female,1897.84
1153,Female,2747.68
1154,Female,1984.21
1155,Female,2426.58
1156,Female,2710.17
1157,Female,2283.19
1158,Female,2527.37
1159,Female,2041.79
1160,Female,2201.77
1161,Female,2197.07
1162,Female,1926.71
1163,Female,2211.61
1164,Female,1525.69
1165,Female,2054.42
1166,Female,2157.56
1167,Female,2171.91
1168,Female,2179.25
1169,Female,2269.12
1170,Female,2539.72
1171,Female,2737.26
1172,Female,1975.12
1173,Female,1698.4
1174,Female,1778.98
1175,Female,2056.4
1176,Female,2124.04
1177,Female,1915.0
1178,Female,1651.94
1179,Female,2071.94
1180,Female,2390.71
1181,Female,2597.51
1182,Female,2021.29
1183,Female,2093.5
1184,Female,1836.65
1185,Female,2284.28
1186,Female,1875.79
1187,Female,2586.56
1188,Female,1407.07
1189,Female,2120.19
1190,Female,2450.55
1191,Female,2391.92
1192,Female,3646.52
1193,Female,2474.9
1194,Female,1797.97
1195,Female,2252.27
1196,Female,1411.88
1197,Female,2259.7
1198,Female,1883.47
1199,Female,2757.7
1200,Female,2025.23
1201,Female,2241.62
1202,Female,1982.22
1203,Female,3169.43
1204,Female,2139.38
1205,Female,3216.28
1206,Female,2707.08
1207,Female,2541.03
1208,Female,2484.37
1209,Female,2496.9
1210,Female,1336.16
1211,Female,2160.56
1212,Female,2722.58
1213,Female,2275.55
1214,Female,1597.41
1215,Female,2273.8
1216,Female,3152.05
1217,Female,2923.45
1218,Female,2269.0
1219,Female,2775.72
1220,Female,2116.75
1221,Female,1448.06
1222,Female,1837.77
1223,Female,3081.44
1224,Female,2163.0
1225,Female,2178.31
1226,Female,2150.08
1227,Female,3252.07
1228,Female,3112.98
1229,Female,3409.39
1230,Female,2220.48
1231,Female,2447.81
1232,Female,1541.68
1233,Female,3038.47
1234,Female,1716.11
1235,Female,2408.39
1236,Female,1751.35
1237,Female,2005.57
1238,Female,1881.37
1239,Female,1996.06
1240,Female,2030.44
1241,Female,2025.87
1242,Female,2716.67
1243,Female,1747.57
1244,Female,2410.27
1245,Female,2908.98
1246,Female,2043.4
1247,Female,1941.04
1248,Female,2184.74
1249,Female,2889.86
1250,Female,2397.05
1251,Female,2034.39
1252,Female,2541.94
1253,Female,1748.85
1254,Female,2640.68
1255,Female,2504.3
1256,Female,2146.1
1257,Female,1880.71
1258,Female,1856.66
1259,Female,2567.41
1260,Female,2914.49
1261,Female,1981.35
1262,Female,2529.19
1263,Female,1256.49
1264,Female,2007.69
1265,Female,2284.47
1266,Female,1845.16
1267,Female,1831.75
1268,Female,1966.11
1269,Female,2446.1
1270,Female,2206.34
1271,Female,1180.88
1272,Female,1239.65
1273,Female,1996.57
1274,Female,2528.84
1275,Female,926.25
1276,Female,2050.13
1277,Female,2036.88
1278,Female,2994.17
1279,Female,2107.49
1280,Female,2491.49
1281,Female,2370.63
1282,Female,1234.72
1283,Female,2684.1
1284,Female,2407.7
1285,Female,2554.13
1286,Female,4263.12
1287,Female,1257.94
1288,Female,3162.35
1289,Female,2156.28
1290,Female,2443.66
1291,Female,2277.24
1292,Female,2087.88
1293,Female,2015.08
1294,Female,2464.75
1295,Female,1541.41
1296,Female,2675.29
1297,Female,2091.9
1298,Female,1734.97
1299,Female,2074.99
1300,Female,2928.57
1301,Female,2032.33
1302,Female,2479.23
1303,Female,1934.52
1304,Female,2678.96
1305,Female,2642.75
1306,Female,3224.3
1307,Female,2212.22
1308,Female,2634.33
1309,Female,2349.03
1310,Female,2947.94
1311,Female,1940.58
1312,Female,2672.5
1313,Female,2202.65
1314,Female,2267.91
1315,Female,2345.88
1316,Female,2426.12
1317,Female,2241.89
1318,Female,2407.36
1319,Female,3089.06
1320,Female,2792.72
1321,Female,2734.58
1322,Female,2072.23
1323,Female,1855.38
1324,Female,2777.65
1325,Female,2738.02
1326,Female,3036.34
1327,Female,1998.01
1328,Female,2185.23
1329,Female,1480.26
1330,Female,2103.76
1331,Female,2798.29
1332,Female,2066.75
1333,Female,2620.24
1334,Female,2204.75
1335,Female,2462.03
1336,Female,1726.15
1337,Female,2342.6
1338,Female,804.43
1339,Female,2206.55
1340,Female,1484.76
1341,Female,2903.0
1342,Female,2688.7
1343,Female,2533.34
1344,Female,3060.5
1345,Female,1825.54
1346,Female,3173.68
1347,Female,2766.1
1348,Female,2181.72
1349,Female,2867.81
1350,Female,1746.85
1351,Female,1887.74
1352,Female,1995.71
1353,Female,2035.51
1354,Female,1771.72
1355,Female,2911.54
1356,Female,2170.57
1357,Female,2476.25
1358,Female,2014.82
1359,Female,1389.7
1360,Female,2435.03
1361,Female,1343.87
1362,Female,2265.68
1363,Female,1615.84
1364,Female,3293.64
1365,Female,2755.68
1366,Female,2352.88
1367,Female,2931.85
1368,Female,1876.84
1369,Female,2571.74
1370,Female,2399.91
1371,Female,2432.01
1372,Female,2936.18
1373,Female,2666.25
1374,Female,2444.36
1375,Female,1472.56
1376,Female,1819.98
1377,Female,2238.65
1378,Female,2346.69
1379,Female,1734.9
1380,Female,3505.84
1381,Female,3058.2
1382,Female,2601.06
1383,Female,2336.02
1384,Female,2193.9
1385,Female,1824.04
1386,Female,2338.74
1387,Female,2428.88
1388,Female,1679.12
1389,Female,2467.09
1390,Female,2222.37
1391,Female,1346.1
1392,Female,1869.81
1393,Female,2093.2
1394,Female,3243.84
1395,Female,2578.28
1396,Female,1632.26
1397,Female,2543.02
1398,Female,1526.35
1399,Female,2841.35
1400,Female,2064.44
1401,Female,2253.18
1402,Female,2962.9
1403,Female,1656.42
1404,Female,1601.44
1405,Female,2008.2
1406,Female,2819.19
1407,Female,1540.33
1408,Female,883.92
1409,Female,2074.42
1410,Female,2575.87
1411,Female,2900.13
1412,Female,2068.42
1413,Female,2094.29
1414,Female,2876.95
1415,Female,1365.13
1416,Female,2105.74
1417,Female,2395.21
1418,Female,2524.61
1419,Female,2045.1
1420,Female,2317.22
1421,Female,1055.84
1422,Female,1970.88
1423,Female,2526.75
1424,Female,1808.85
1425,Female,2329.49
1426,Female,2523.44
1427,Female,2128.73
1428,Female,2385.23
1429,Female,1818.63
1430,Female,2196.69
1431,Female,2605.11
1432,Female,2378.49
1433,Female,2006.73
1434,Female,2412.11
1435,Female,2657.3
1436,Female,1275.03
1437,Female,2879.54
1438,Female,2131.87
1439,Female,2512.74
1440,Female,2898.62
1441,Female,1614.16
1442,Female,1945.28
1443,Female,2155.73
1444,Female,1908.12
1445,Female,3167.47
1446,Female,1871.61
1447,Female,2022.23
1448,Female,2402.19
1449,Female,1698.93
1450,Female,2102.16
1451,Female,2458.73
1452,Female,2133.57
1453,Female,2253.31
1454,Female,2035.33
1455,Female,1542.76
1456,Female,2460.8
1457,Female,3177.47
1458,Female,2309.2
1459,Female,2412.63
1460,Female,2646.36
1461,Female,1665.33
1462,Female,3151.26
1463,Female,2401.16
1464,Female,3115.93
1465,Female,1933.48
1466,Female,3209.03
1467,Female,2687.58
1468,Female,2576.52
1469,Female,2417.01
1470,Female,2175.74
1471,Female,2900.27
1472,Female,2370.18
1473,Female,1316.47
1474,Female,1741.41
1475,Female,2207.08
1476,Female,2455.0
1477,Female,2271.71
1478,Female,2909.49
1479,Female,1324.45
1480,Female,2371.79
1481,Female,1391.01
1482,Female,2679.86
1483,Female,2252.77
1484,Female,2509.8
1485,Female,1868.06
1486,Female,2939.73
1487,Female,2820.86
1488,Female,2591.77
1489,Female,2235.24
1490,Female,2589.93
1491,Female,1946.55
1492,Female,2727.78
1493,Female,3124.74
1494,Female,2835.31
1495,Female,1935.2
1496,Female,2480.71
1497,Female,1653.43
1498,Female,2586.2
1499,Female,2525.3
1500,Female,1365.09
1501,Female,1719.11
1502,Female,2158.43
1503,Female,2149.57
1504,Female,1695.26
1505,Female,2494.49
1506,Female,2425.74
1507,Female,2202.87
1508,Female,1922.1
1509,Female,2824.35
1510,Female,3127.7
1511,Female,2058.22
1512,Female,1993.92
1513,Female,2545.6
1514,Female,2120.99
1515,Female,2230.3
1516,Female,2669.83
1517,Female,1345.32
1518,Female,2959.15
1519,Female,2336.34
1520,Female,2094.25
1521,Female,2255.38
1522,Female,2281.21
1523,Female,1434.4
1524,Female,3047.47
1525,Female,2320.66
1526,Female,2521.5
1527,Female,2775.77
1528,Female,1789.42
1529,Female,2536.74
1530,Female,2166.18
1531,Female,2723.39
1532,Female,1236.39
1533,Female,2250.45
1534,Female,1998.59
1535,Female,2516.13
1536,Female,2535.02
1537,Female,1946.19
1538,Female,1943.91
1539,Female,2244.67
1540,Female,1851.68
1541,Female,2720.99
1542,Female,2115.4
1543,Female,846.51
1544,Female,2112.59
1545,Female,1780.73
1546,Female,1484.36
1547,Female,1681.29
1548,Female,2354.7
1549,Female,2964.32
1550,Female,2456.59
1551,Female,1996.75
1552,Female,2527.95
1553,Female,2070.45
1554,Female,1952.7
1555,Female,1722.82
1556,Female,1424.09
1557,Female,2105.04
1558,Female,2379.03
1559,Female,2251.69
1560,Female,2092.02
1561,Female,1827.13
1562,Female,2604.12
1563,Female,1641.43
1564,Female,2688.01
1565,Female,1798.89
1566,Female,1923.78
1567,Female,1566.61
1568,Female,2049.3
1569,Female,2787.66
1570,Female,2557.81
1571,Female,2789.21
1572,Female,2561.07
1573,Female,1748.17
1574,Female,2134.61
1575,Female,1909.9
1576,Female,2965.29
1577,Female,1701.61
1578,Female,2746.85
1579,Female,2746.48
1580,Female,3214.81
1581,Female,2095.16
1582,Female,2656.16
1583,Female,3440.83
1584,Female,1991.18
1585,Female,1532.48
1586,Female,1359.99
1587,Female,2656.36
1588,Female,1358.42
1589,Female,2113.84
1590,Female,2518.66
1591,Female,2392.59
1592,Female,2512.72
1593,Female,2411.14
1594,Female,2939.43
1595,Female,1823.84
1596,Female,1961.5
1597,Female,1913.67
1598,Female,2715.1
1599,Female,2750.2
1600,Female,2525.61
1601,Female,2891.75
1602,Female,1710.98
1603,Female,3133.61
1604,Female,3061.62
1605,Female,2667.81
1606,Female,3190.9
1607,Female,1471.69
1608,Female,2037.78
1609,Female,1932.35
1610,Female,2660.74
1611,Female,1774.93
1612,Female,2678.75
1613,Female,2985.27
1614,Female,2647.6
1615,Female,2441.88
1616,Female,1806.06
1617,Female,1876.57
1618,Female,2924.81
1619,Female,2689.67
1620,Female,2280.49
1621,Female,2091.05
1622,Female,1287.1
1623,Female,1764.57
1624,Female,3255.71
1625,Female,1659.77
1626,Female,2394.74
1627,Female,2803.72
1628,Female,1672.54
1629,Female,2392.36
1630,Female,2768.96
1631,Female,2306.25
1632,Female,3734.2
1633,Female,1465.7
1634,Female,2829.36
1635,Female,2213.6
1636,Female,2685.96
1637,Female,2520.65
1638,Female,1933.42
1639,Female,2414.5
1640,Female,1371.05
1641,Female,2601.62
1642,Female,2449.08
1643,Female,2619.33
1644,Female,2829.06
1645,Female,2483.81
1646,Female,2374.04
1647,Female,1859.47
1648,Female,1943.89
1649,Female,2893.37
1650,Female,3018.17
1651,Female,2180.94
1652,Female,2323.0
1653,Female,1847.69
1654,Female,2886.38
1655,Female,2632.71
1656,Female,3270.61
1657,Female,1860.84
1658,Female,2111.0
1659,Female,2415.72
1660,Female,2623.24
1661,Female,2192.17
1662,Female,1863.52
1663,Female,2740.7
1664,Female,2660.57
1665,Female,1841.86
1666,Female,2977.72
1667,Female,2885.1
1668,Female,2367.15
1669,Female,2339.8
1670,Female,2577.03
1671,Female,1869.15
1672,Female,2315.02
1673,Female,1223.81
1674,Female,2738.23
1675,Female,1519.25
1676,Female,3051.71
1677,Female,2134.94
1678,Female,2194.17
1679,Female,1986.13
1680,Female,2155.98
1681,Female,3009.27
1682,Female,1056.1
1683,Female,2938.48
1684,Female,2469.01
1685,Female,1696.49
1686,Female,1762.34
1687,Female,3138.2
1688,Female,1827.25
1689,Female,1723.32
1690,Female,2868.66
1691,Female,2469.28
1692,Female,1831.04
1693,Female,2408.31
1694,Female,1787.12
1695,Female,2850.41
1696,Female,2830.69
1697,Female,2566.0
1698,Female,2480.83
1699,Female,3180.59
1700,Female,2299.84
1701,Female,1709.06
1702,Female,2524.74
1703,Female,3343.02
1704,Female,1792.62
1705,Female,2119.27
1706,Female,2508.22
1707,Female,2273.05
1708,Female,1808.85
1709,Female,2860.93
1710,Female,3460.02
1711,Female,2398.07
1712,Female,1847.97
1713,Female,1525.52
1714,Female,2428.99
1715,Female,2851.94
1716,Female,2537.58
1717,Female,2298.8
1718,Female,2005.36
1719,Female,1753.92
1720,Female,2717.38
1721,Female,2756.89
1722,Female,1527.14
1723,Female,3094.92
1724,Female,2587.04
1725,Female,2999.8
1726,Female,1628.94
1727,Female,1617.09
1728,Female,2225.52
1729,Female,2551.39
1730,Female,3198.18
1731,Female,2653.04
1732,Female,2178.66
1733,Female,1786.82
1734,Female,2915.0
1735,Female,1817.65
1736,Female,3114.23
1737,Female,2157.81
1738,Female,3095.29
1739,Female,2639.47
1740,Female,2231.5
1741,Female,2040.3
1742,Female,2129.55
1743,Female,2514.16
1744,Female,2338.58
1745,Female,2003.09
1746,Female,2217.18
1747,Female,2339.29
1748,Female,1235.63
1749,Female,2529.08
1750,Female,1810.14
1751,Female,1723.33
1752,Female,1456.33
1753,Female,1403.05
1754,Female,1622.28
1755,Female,1945.49
1756,Female,3276.63
1757,Female,2037.06
1758,Female,2388.88
1759,Female,2500.24
1760,Female,2365.53
1761,Female,2261.28
1762,Female,1702.35
1763,Female,3025.46
1764,Female,3203.6
1765,Female,1458.67
1766,Female,1787.99
1767,Female,2160.09
1768,Female,1817.73
1769,Female,2552.98
1770,Female,1935.86
1771,Female,3382.53
1772,Female,2895.27
1773,Female,2406.29
1774,Female,2813.49
1775,Female,2852.95
1776,Female,2018.03
1777,Female,1891.89
1778,Female,2339.07
1779,Female,2730.82
1780,Female,2369.53
1781,Female,1511.5
1782,Female,1898.59
1783,Female,2263.01
1784,Female,2262.17
1785,Female,3286.27
1786,Female,1607.01
1787,Female,2552.79
1788,Female,3044.56
1789,Female,3435.72
1790,Female,2097.8
1791,Female,2545.71
1792,Female,2584.88
1793,Female,2397.74
1794,Female,2250.58
1795,Female,2517.99
1796,Female,1033.88
1797,Female,2641.03
1798,Female,2363.09
1799,Female,2188.76
1800,Female,3323.43
1801,Female,1962.53
1802,Female,2098.46
1803,Female,3295.78
1804,Female,1883.97
1805,Female,2024.94
1806,Female,2226.49
1807,Female,2720.37
1808,Female,2403.9
1809,Female,1653.69
1810,Female,2033.92
1811,Female,1996.32
1812,Female,2261.39
1813,Female,2512.92
1814,Female,2509.1
1815,Female,1411.99
1816,Female,2831.97
1817,Female,2426.28
1818,Female,2992.27
1819,Female,2522.1
1820,Female,2850.66
1821,Female,2533.27
1822,Female,2973.11
1823,Female,2561.13
1824,Female,2251.04
1825,Female,3436.22
1826,Female,2744.52
1827,Female,2586.87
1828,Female,1661.85
1829,Female,1655.85
1830,Female,2446.36
1831,Female,2372.76
1832,Female,1992.94
1833,Female,2370.49
1834,Female,3094.31
1835,Female,2647.7
1836,Female,1729.5
1837,Female,2244.25
1838,Female,1897.52
1839,Female,2106.15
1840,Female,2093.19
1841,Female,2061.18
1842,Female,1672.43
1843,Female,2236.17
1844,Female,2019.7
1845,Female,835.28
1846,Female,3326.49
1847,Female,2844.38
1848,Female,2111.85
1849,Female,2309.41
1850,Female,1714.17
1851,Female,3147.86
1852,Female,3248.64
1853,Female,2378.35
1854,Female,2811.77
1855,Female,2387.64
1856,Female,1631.64
1857,Female,2094.09
1858,Female,2365.96
1859,Female,2072.73
1860,Female,2190.67
1861,Female,2254.3
1862,Female,2259.56
1863,Female,2326.13
1864,Female,1769.7
1865,Female,1941.49
1866,Female,1657.71
1867,Female,2788.91
1868,Female,1247.18
1869,Female,2876.8
1870,Female,2993.17
1871,Female,2148.91
1872,Female,998.43
1873,Female,2119.34
1874,Female,2267.91
1875,Female,1794.7
1876,Female,2042.39
1877,Female,3065.1
1878,Female,2632.46
1879,Female,1837.72
1880,Female,1501.2
1881,Female,2136.49
1882,Female,2193.27
1883,Female,2548.1
1884,Female,2032.34
1885,Female,2555.75
1886,Female,3267.58
1887,Female,2707.75
1888,Female,2275.96
1889,Female,2208.42
1890,Female,2121.66
1891,Female,2890.32
1892,Female,1986.34
1893,Female,2322.61
1894,Female,2325.6
1895,Female,2049.11
1896,Female,1613.77
1897,Female,2461.49
1898,Female,2269.5
1899,Female,2550.12
1900,Female,2033.2
1901,Female,2910.41
1902,Female,1861.61
1903,Female,3156.02
1904,Female,1426.18
1905,Female,2517.39
1906,Female,2537.72
1907,Female,1902.22
1908,Female,2512.2
1909,Female,2939.76
1910,Female,1191.59
1911,Female,2551.37
1912,Female,1053.36
1913,Female,1817.17
1914,Female,3114.58
1915,Female,2009.11
1916,Female,1713.06
1917,Female,2201.03
1918,Female,3333.95
1919,Female,1384.16
1920,Female,1774.35
1921,Female,3048.72
1922,Female,3228.85
1923,Female,2248.28
1924,Female,1680.47
1925,Female,3347.92
1926,Female,3097.22
1927,Female,2639.47
1928,Female,1893.8
1929,Female,2275.49
1930,Female,2219.82
1931,Female,2465.43
1932,Female,3025.5
1933,Female,2739.71
1934,Female,1761.31
1935,Female,2988.25
1936,Female,2456.57
1937,Female,2643.53
1938,Female,3033.27
1939,Female,1744.21
1940,Female,2282.09
1941,Female,2034.27
1942,Female,1516.07
1943,Female,2473.35
1944,Female,3555.78
1945,Female,1379.96
1946,Female,2283.86
1947,Female,2620.27
1948,Female,2361.54
1949,Female,2243.44
1950,Female,1650.39
1951,Female,2416.39
1952,Female,1921.62
1953,Female,1205.04
1954,Female,2897.3
1955,Female,2779.19
1956,Female,2325.83
1957,Female,2414.54
1958,Female,2837.16
1959,Female,2412.17
1960,Female,2752.01
1961,Female,2151.26
1962,Female,2955.99
1963,Female,2460.39
1964,Female,2397.03
1965,Female,1664.97
1966,Female,2443.48
1967,Female,1884.02
1968,Female,1980.86
1969,Female,1892.31
1970,Female,1766.88
1971,Female,3362.39
1972,Female,2965.67
1973,Female,3260.18
1974,Female,1688.55
1975,Female,2335.63
1976,Female,1653.25
1977,Female,1952.15
1978,Female,1840.94
1979,Female,2919.79
1980,Female,2101.89
1981,Female,2834.19
1982,Female,2602.06
1983,Female,3451.82
1984,Female,1560.28
1985,Female,2929.62
1986,Female,2873.22
1987,Female,1813.31
1988,Female,2803.57
1989,Female,2468.07
1990,Female,2186.26
1991,Female,1888.03
1992,Female,1940.45
1993,Female,3324.91
1994,Female,2300.34
1995,Female,2691.07
1996,Female,1904.55
1997,Female,1910.07
1998,Female,2840.99
1999,Female,1625.21
2000,Female,2092.39
